Autobús,autobús escolar,autofoto,autopista,Autobús turístico,Parada de autobús,Auto,Gabardina,Gris,Garra,Garganta,Guarida,Gabinete,Guante,Gaviota,Gatito,gato negro,Microbús
Gato,Nieve,Banco,Puerta corrediza,Zapato,ángel de nieve,Púrpura,Puerta plegable,Zapatilla,Pulgares hacia arriba,Puerta,Niebla tóxica,Zorro,Neblina,Niebla,kit zorro,Nube,León
Globo,Nebulosa,Sonrisa,Neumático,Scooter de motor,Naufragio,Navidad,scooter eléctrico,Cuchillería,Cuchilla,Cuchillo,Tenedor,Arbusto,Cuchara,Cuadro,Arquitectura,Arrastrándose,Arqueología
globo aerostático,Vista aérea,Cuarzo,Moto acuática,Aldea,Almohada,Arreglo floral,Alquitrán,Aluminio,Motocicleta,Mezclar ingredientes,Almohadón,Aeropuerto,Mochila,Iluminación,Llama,Aeródromo,Llamarada
Lluvia,Albergue,mochilero,Arboleda,Avión,Alce,Molino,Al aire libre,Árbol,Máquina,Aeronave,Verdura,Avispa,Vecindario,Verdura de hoja verde,Moho,Velero,Abeto
Vegetación,Vehículo,Avalancha,Vela,Mazmorra,Alojamiento,Helicóptero,Luna llena,Llanto,Camilla,Besar,Silueta,Sillón,Cóndor,Bebida,Mamífero,beber alcohol,Sedán
Abedul,Masculino,Gancho,Planeador,Bebé,Masaje,Silla,Daño por moho,Silla de oficina,Luna,Hierba,Micrófono,Jeep,Granizo,Hirviendo,Sobretodo,Hierbas,Araña
Tumba,Armadura,Oficina,Geranio,Hielo,Granate,eclipse lunar,Granja,Grano,Hiedra,Antena,Edificio de oficinas,Gran altura,Toalla,Abeja,Lápida sepulcral,Antepecho,Astronave
Feliz,Astronomía,Huracán,Insecto,Niño,Lápiz labial,Aventura,Gente,Eclipse,Semilla,Hockey sobre hielo,Armario,Oreja,Chico,Voleibol,Lectura,Ajenjo,Ladrillo
Plantador,Anteojos,Femenino,Vehículo anfibio,Canoa,Herbario,Cangrejo,Canguro,Disco de hockey sobre hielo,Ático,Canino,Palo de hockey sobre hielo,Submarino,Caña,Amanecer,Altar,Turístico,Cáñamo
Volcán,Ropa de látex,Tobillo,Atrás,Ropa interior,Ropa,Aula,ropa formal,Acera,Cantando,Tiburón,Olla,Yate,Agujero,Boxeo,Primavera,Veterinario,Tiroteo
Hockey,Arte,Lobo,Libro,snowboard,Águila,Vuelo,Aguja,bebe riendo,Acero,águila calva,Basura,Óxido,paintball,Agua,Mapache,Herramienta,Rostro
Sombrero,Sicomoro,Invertebrado,Loro,Hombro,Radiador,Hoja,Sorprendido,Aparador,Sostén,Sabueso,Comedor,Sábana,Vaqueros,Roedor,Terremoto,Ordenador personal,Orilla
Ordenanza,pastor alemán,Hombre,Sabana,Lienzo,equipo aplastante,Ornamento,Verano,Chorro,Ascensor,Hornada,Archivador,Montaña,Aspersión,Gritos,Hipopótamo,Comercio,Invierno
Piragüismo,post apocalíptico,Oración,Aparato,Lino,Piscina,Gorrión,Horno,Anuncio,Hippie,año nuevo chino,Textura,Pista,Patrón,Piso,Jarra de agua,Faro,Fornido
Manga,Media pista,Pizarra blanca,Montaña rusa,Vandalismo,Vino,Batuta,Mago,Inyección,Jarabe,Papel,Manga larga,Cinturón,Paloma,Novedoso,Cine,Ciclomotor,Pizarra
Cinta,Ciervo,Rábano,Obrero,Cielo azul,Cielo,Hermético,Arte Moderno,Excavadora,Ciclismo,Jardín,Teja,Dentro,Durmiendo,Pato,Jardinería,Baño,Palo
Corrosión,Dinosaurio,selva tropical,Enojado,Texto,Abrigo,Kayac,Florero,Capucha,Cruz,Jarra,Pico,Terciopelo,Productos cosméticos,Iglesia,Lencería,Romántico,Baños
Gorro de baño,Mineral,Rápido,Acorazado,Sesión,Capó,Oso,Ala delta,Enredadera,Duelo,Semáforo,Gimnasia,Helado,Lago,Plástico,Quirófano,Mano,Trajes de baño
Peatonal,Pateando,Blindado,Selva,Seda,Vigilia,aves acuáticas,Linterna,Monasterio,Accesorios,Intersección,Losa,Músico,Panda menor,Frailecillo,metalurgia,Mancha,Guardia
Soldado,Minería,Crucero,Incienso,limusina,saltando,Brazo,Tubería,Adulto,Dinero,Trenza,Crema,Bragas,condominio,Abrelatas,Cúmulo,Muro,Otoño
abrazando,Daga,Esposas,Disturbio,Paleta,Instrumento musical,Sudadera,Mirlo,Espíritu,Urbano,abrazos,Mujer,Espada,Ejército,Muebles,escupir,Cripta,incendio forestal
Escalera,Buceo,todoterreno,Lanzamiento,Adolescente,Cristal,cielo estrellado,Marca,Guardia Costera,Huevo,Escuela,Interrogatorio intenso,Espacio exterior,Suelo,Escritorio,Dormitorio,Torta de cumpleaños,Muelle
Guijarro,Munición,Laboratorio,Coala,Extranjero,Cerámica,Ejecutante,Blusa,Guitarra,Muñeca,Tormenta,Pulsera,Empujar,Madera,Boda,Persona,Capa,Música
Escenario,Suburbio,huevo escalfado,Bosque,Cometa,Traje,Joyas,Bolso,Madera dura,Estante,Bolsa,Naturaleza,Dolor,Brotar,Bordado,Brote,impala,Madera flotante
Playa,Cadera,Tierra,haciendo ejercicio,Madera contrachapada,Paparazzi,Buitre,Esquina,Moda,Metrópoli,Estaño,Cabina,Electrónica,Pájaro,Aterrizaje,Bandera,Estantería,Esquiar
Escena del crimen,Isla de Alcatraz,Fábrica,Dinamita,Guitarrista,Tatuaje,Protesta,Edificio,Pala,Cartulina,Planeta,Planta,Novia,Clima,Roca,Bañera,Rural,Arma
planta en maceta,Patinaje,Alimento,Antílope,Bol,Boca de incendio,Calcetería,persona caida,Misil,Rata,Paisaje,Estanque,Clavo,pájaro cometa,Calcetín,paisaje urbano,Caja,Cartera
Margarita,Tableta,Parque acuático,Embarque,Contraluz,Dispositivo eléctrico,Dispositivo,Calzado,Patinaje sobre ruedas,Cachorro,Barrio bajo,Pradera,Pistola,pájaro grulla,Aptitud física,Colcha,Deslizamiento,Estacionamiento
DJ,Primeros auxilios,Rueda,claqueta,Pasarela,Bicicleta,Boca de aguas,perro de aguas,Tapa,vida marina,vida nocturna,Presentación de alimentos,edificio de apartamentos,Deportes acuáticos,perro paseando,Inundaciones de edificios,Alcohol,Diseño de interiores
Perro,Mascota,Postre,Rebaño,Arroyo,Cabo,Refugio,Chica,Tapiz,Desfile del Orgullo,Procedimiento Médico,perro perdiguero de oro,Matrícula,Caravana,Torreta,Caza,Taza,Ventana
Túnel,Caballo,Perro policía,Barril,Clínica,Cabeza,Roble,Fabricación,Cabello,Collage,Taza medidora,Taxi,Disco,Lesión,casa adosada,Cabaña,Torre,Erupción
Marina de guerra,Pétalo,Limpieza,Parque de atracciones,taza de café,Decoraciones Navideñas,Paciente,Biblioteca,Habitación,Peluquero,Inundación,Club de maza,Doctor,Rescate,tacón alto,Retrato,Ventisca,pelo rizado
Remo,remos,Actividades de ocio,Publicación,Persecución,Pastel,Reunión,multitud relámpago,Fauna,Reptil,Actuación grupal,pelo negro,Avión de guerra,Audiencia,Pez,Zoo,Prisión,Actuación en solitario
Carretera,Animal,Barcaza,Parachoques,Detención,Deporte,Hospital,Paracaidismo,Poste de servicios públicos,Bermudas,Rifle,Frazada,Pelota,Pesca,Guerra,Tabaco,Divertido,Mando a distancia
Descalzo,Coyote,Museo,Barba,Reposacabezas,Paracaídas,Collar,Club nocturno,tomados de la mano,Cafetería,Blanco,Cenicero,Conversación,Impermeable,Dragón,Desfile,Dedo,Mariscos
Cascada,Cerdo,Barco,Vacaciones de primavera,Demolición,barbacoa,Despegar,Lucha,Furgoneta,Casco,Cerveza,Paso superior,Club,Puerto,celebrando,Dirigible,Nuclear,Barandilla
Fragua,Ciudad,Cerca,Desván,Césped,Café,Vacaciones,Torpedo,Tornado,Frasco,tsunami,Explosión nuclear,Casa,Rodilla,Piel,Charco,Festival,Casco protector
Desierto,Tanque,Pub,Explosión,Fiesta,Río,Conejo,Hotel,Láser,Costa,Cámping,snorkel,Cuello,mensajes de texto,Canal,Sofá,Horizonte,Patio interior
Comiendo,Patio,Búnker,Campo,Vestido,Auriculares de realidad virtual,Atardecer,Villa,Piedra preciosa,Chaleco,Atasco,chaleco salvavidas,De pie,Cuervo,pesas de gimnasio,Complejo,Reproductor de CD,Compras
Vestíbulo,Hoguera,Contaminación,Atar,Diwali,Militar,Reloj de pulsera,Base militar,Uniforme militar,Computadora de mano,Bolsa de plastico,Multitud,Pantalla,Producir,Pantera,Suéter,Triángulo,Reír
Sala de espera,Bikini,Triste,Computadora,bata de laboratorio,Pantalones,Triturar comida,Chaqueta,Panorámico,parte del cuerpo,Pantano,Bote de remos,Triunfante,Torso,Computadora portátil,Sala de justicia,Pantys,Senderismo
Nadar,vía Láctea,Computadora de superficie,Poder,Hardware de computadora,Sala de estar,Botella de tinta,Teclado de computadora,Concierto de rock,Bañera de hidromasaje,Entrevista,Hogar,Conduciendo,Hardware,vestidor,Menorá de Hanukkah,Sello de cera,iPhone
Monitor,Cable,Constituir,Pastar,Concierto,Construcción,Frustrar,Camisa de entrenamiento,Concreto,Corte de pelo,Chaqueta de sport,Confeti,Pipa de humo,Fruta,Avión de línea,Prendas de punto,Poniéndose a cubierto,Restaurante
Falda,Propuesta de boda,Camisa de vestir,Botella,Pelea de bolas de nieve,Proyectil de mortero,Tarjeta de crédito,Entrega de paquetes,Panel de jueces del reality show,tarro de albañil,Camión de bomberos,Teléfono,Condimento,Televisor,Logo,Acuñar,Paquete,Bote
Teléfono móvil,cupé,Condimentar,Contenedor de pintura,Decoración del hogar,Transpiración,Póster,Ketchup,Flor,Comisaría de policía,Portaaviones,furgoneta de mudanza,Carnaval,Calle,Flash Mob,Béisbol (pelota),Daños en el hogar,Sauce
Callejón,barril de lluvia,Tragar,Peloya de beisbol,Baile,carreras de autos,flor de cerezo,Flash,Béisbol,Transporte,Memorial del Muro de Berlín,gorra de béisbol,Cama,viaje por carretera,Caja de cartón,Camiseta,Juego de béisbol,Taburete de bar
Camisa,Arcoíris,Arce,Caminando,camioneta,Gafas de protección,Camión Remolque,Corrimiento de tierras,Hoja de arce,Camino,Cámara,Tazón de cereales,guante de béisbol,Fuera de la carretera,Cañón,Camión,Derrame de petróleo,lata de leche
Pendiente,Coche de carreras,Rueda de coche,Entrada de coches,ventana del coche,Corredor,Coche de policía,Noche,Correr,Juguete,Cosplay,Lámpara,Olas del mar,Coche - Exterior,Coche deportivo,Frente al mar,Correa,Pantalla de fuego
utensilios de cocina,Jugar,Cormorán,Cohete,Mono,Lámpara de mesa,Cobertura,Mar,Mesa,Sol,Mesa de comedor,Símbolo,Gafas de sol,Jugo,Extinguir el fuego,Cocinando,Centro comercial,Arma de fuego
Mesa de centro,De fumar,Centro,Centro de Convenciones,Baloncesto,Fumar,jugar baloncesto,Jugar fútbol americano,Fútbol americano,Tronco de árbol,Juego,tocón de árbol,Luz del sol,Balón de fútbol,Fuegos artificiales,Fuego,Videojuegos,Fútbol
Poste de luz,Sesión de fotos,Fotografía,Luz,marco de fotos,,,,,,,,,,,,,
